Error in <TUnixSystem::FindDynamicLibrary>: libEgPythia8[.so | .dll | .dylib | .sl | .dl | .a] does not exist in /home/kaique/Downloads/software/pythia8317/lib:/home/kaique/root/root.40.02-install/lib:/home/kaique/Downloads/software/pythia8317/lib:.:/home/kaique/root/root.40.02-install/lib:/lib/x86_64-linux-gnu/glibc-hwcaps/x86-64-v2:/lib/x86_64-linux-gnu:/usr/lib/x86_64-linux-gnu/glibc-hwcaps/x86-64-v2:/usr/lib/x86_64-linux-gnu:/lib/glibc-hwcaps/x86-64-v2:/lib:/usr/lib/glibc-hwcaps/x86-64-v2:/usr/lib

 *------------------------------------------------------------------------------------* 
 |                                                                                    | 
 |  *------------------------------------------------------------------------------*  | 
 |  |                                                                              |  | 
 |  |                                                                              |  | 
 |  |   PPP   Y   Y  TTTTT  H   H  III    A      Welcome to the Lund Monte Carlo!  |  | 
 |  |   P  P   Y Y     T    H   H   I    A A     This is PYTHIA version 8.317      |  | 
 |  |   PPP     Y      T    HHHHH   I   AAAAA    Last date of change: 20 Jan 2026  |  | 
 |  |   P       Y      T    H   H   I   A   A                                      |  | 
 |  |   P       Y      T    H   H  III  A   A    Now is 06 Aug 2026 at 08:53:35    |  | 
 |  |                                                                              |  | 
 |  |   Program documentation and an archive of historic versions is found on:     |  | 
 |  |                                                                              |  | 
 |  |                               https://pythia.org/                            |  | 
 |  |                                                                              |  | 
 |  |   PYTHIA is authored by a collaboration consisting of:                       |  | 
 |  |                                                                              |  | 
 |  |   Javira Altmann, Christian Bierlich, Naomi Cooke, Nishita Desai,            |  | 
 |  |   Ilkka Helenius, Philip Ilten, Joni Laulainen, Leif Lonnblad,               |  | 
 |  |   Stephen Mrenna, Christian Preuss, Torbjorn Sjostrand, and Peter Skands.    |  | 
 |  |                                                                              |  | 
 |  |   The complete list of authors, including contact information and            |  | 
 |  |   affiliations, can be found on https://pythia.org/.                         |  | 
 |  |   Problems or bugs should be reported on email at authors@pythia.org.        |  | 
 |  |                                                                              |  | 
 |  |   The main program reference is C. Bierlich et al,                           |  | 
 |  |   'A comprehensive guide to the physics and usage of Pythia 8.3',            |  | 
 |  |   SciPost Phys. Codebases 8-r8.3 (2022) [arXiv:2203.11601 [hep-ph]]          |  | 
 |  |                                                                              |  | 
 |  |   PYTHIA is released under the GNU General Public Licence version 2          |  | 
 |  |   or later. Please respect the MCnet Guidelines for Generator Authors        |  | 
 |  |   and Users.                                                                 |  | 
 |  |                                                                              |  | 
 |  |   Disclaimer: this program comes without any guarantees.                     |  | 
 |  |   Beware of errors and use common sense when interpreting results.           |  | 
 |  |                                                                              |  | 
 |  |   Copyright (C) 2026 Torbjorn Sjostrand                                      |  | 
 |  |                                                                              |  | 
 |  |                                                                              |  | 
 |  *------------------------------------------------------------------------------*  | 
 |                                                                                    | 
 *------------------------------------------------------------------------------------* 


 *-------  PYTHIA Process Initialization  --------------------------*
 |                                                                  |
 | We collide p+ with p+ at a CM energy of 1.400e+04 GeV            |
 |                                                                  |
 |------------------------------------------------------------------|
 |                                                    |             |
 | Subprocess                                    Code |   Estimated |
 |                                                    |    max (mb) |
 |                                                    |             |
 |------------------------------------------------------------------|
 |                                                    |             |
 | g g -> g g                                     111 |   1.397e+04 |
 | g g -> q qbar (uds)                            112 |   1.022e+02 |
 | q g -> q g                                     113 |   5.913e+03 |
 | q q(bar)' -> q q(bar)'                         114 |   1.072e+03 |
 | q qbar -> g g                                  115 |   5.178e+00 |
 | q qbar -> q' qbar' (uds)                       116 |   1.351e+00 |
 | g g -> c cbar                                  121 |   5.348e+01 |
 | q qbar -> c cbar                               122 |   5.495e-01 |
 | g g -> b bbar                                  123 |   3.842e+00 |
 | q qbar -> b bbar                               124 |   2.248e-02 |
 |                                                                  |
 *-------  End PYTHIA Process Initialization -----------------------*

 *-------  PYTHIA Multiparton Interactions Initialization  ---------* 
 |                                                                  | 
 |                   sigmaNonDiffractive =    57.17 mb              | 
 |                                                                  | 
 |    pT0 =  2.65 gives sigmaInteraction =   327.02 mb: accepted    | 
 |                                                                  | 
 *-------  End PYTHIA Multiparton Interactions Initialization  -----* 

 *-------  PYTHIA Flag + Mode + Parm + Word + FVec + MVec + PVec + WVec Settings (changes only)  ------------------* 
 |                                                                                                                 | 
 | Name                                          |                      Now |      Default         Min         Max | 
 |                                               |                          |                                      | 
 | HardQCD:all                                   |                       on |          off                         | 
 | Random:seed                                   |                       43 |           -1               900000000 | 
 | Random:setSeed                                |                       on |          off                         | 
 | StringZ:useOldAExtra                          |                       on |          off                         | 
 |                                                                                                                 | 
 *-------  End PYTHIA Flag + Mode + Parm + Word + FVec + MVec + PVec + WVec Settings  -----------------------------* 

 --------  PYTHIA Particle Data Table (changed only)  ------------------------------------------------------------------------------
 
      id   name            antiName         spn chg col      m0        mWidth      mMin       mMax       tau0    res dec ext vis wid
             no onMode   bRatio   meMode     products 

 no particle data has been changed from its default value 

 --------  End PYTHIA Particle Data Table  -----------------------------------------------------------------------------------------


 --------  PYTHIA Info Listing  ---------------------------------------- 
 
 Beam A: id =   2212, pz =  7.000e+03, e =  7.000e+03, m =  9.383e-01.
 Beam B: id =   2212, pz = -7.000e+03, e =  7.000e+03, m =  9.383e-01.

 In 1: id =   21, x =  4.169e-03, pdf =  7.238e+00 at Q2 =  9.878e+00.
 In 2: id =   21, x =  5.807e-04, pdf =  1.460e+01 at same Q2.

 Subprocess g g -> g g with code 111 is 2 -> 2.
 It has sHat =  4.745e+02,    tHat = -1.009e+01,    uHat = -4.644e+02,
       pTHat =  3.143e+00,   m3Hat =  0.000e+00,   m4Hat =  0.000e+00,
    thetaHat =  2.927e-01,  phiHat =  3.573e-02.
     alphaEM =  7.533e-03,  alphaS =  2.826e-01    at Q2 =  9.878e+00.

 Impact parameter b =  1.119e+00 gives enhancement factor =  3.922e-01.
 Max pT scale for MPI =  3.143e+00, ISR =  3.143e+00, FSR =  3.143e+00.
 Number of MPI =     2, ISR =     4, FSRproc =    13, FSRreson =     0.

 --------  End PYTHIA Info Listing  ------------------------------------

 --------  PYTHIA Event Listing  (hard process)  -----------------------------------------------------------------------------------
 
    no         id  name            status     mothers   daughters     colours      p_x        p_y        p_z         e          m 
     0         90  (system)           -11     0     0     0     0     0     0      0.000      0.000      0.000  14000.000  14000.000
     1       2212  (p+)               -12     0     0     3     0     0     0      0.000      0.000   7000.000   7000.000      0.938
     2       2212  (p+)               -12     0     0     4     0     0     0      0.000      0.000  -7000.000   7000.000      0.938
     3         21  (g)                -21     1     0     5     6   102   101      0.000      0.000     29.183     29.183      0.000
     4         21  (g)                -21     2     0     5     6   104   103      0.000      0.000     -4.065      4.065      0.000
     5         21  g                   23     3     4     0     0   104   101      3.141      0.112     28.475     28.648      0.000
     6         21  g                   23     3     4     0     0   102   103     -3.141     -0.112     -3.358      4.599      0.000
                                   Charge sum:  0.000           Momentum sum:      0.000      0.000     25.118     33.247     21.783

 --------  End PYTHIA Event Listing  -----------------------------------------------------------------------------------------------

 --------  PYTHIA Event Listing  (complete event)  ---------------------------------------------------------------------------------
 
    no         id  name            status     mothers   daughters     colours      p_x        p_y        p_z         e          m 
     0         90  (system)           -11     0     0     0     0     0     0      0.000      0.000      0.000  14000.000  14000.000
     1       2212  (p+)               -12     0     0    91     0     0     0      0.000      0.000   7000.000   7000.000      0.938
     2       2212  (p+)               -12     0     0    92     0     0     0      0.000      0.000  -7000.000   7000.000      0.938
     3         21  (g)                -21     7     7     5     6   102   101      0.000      0.000     29.183     29.183      0.000
     4         21  (g)                -21     8     0     5     6   104   103      0.000      0.000     -4.065      4.065      0.000
     5         21  (g)                -23     3     4     9     9   104   101      3.141      0.112     28.475     28.648      0.000
     6         21  (g)                -23     3     4    10    10   102   103     -3.141     -0.112     -3.358      4.599      0.000
     7         21  (g)                -42    12    12     3     3   102   101      0.000     -0.000     29.183     29.183      0.000
     8         21  (g)                -41    13     0    11     4   105   103     -0.000      0.000     -6.467      6.467      0.000
     9         21  (g)                -44     5     5    14    14   104   101      3.151      0.056     27.395     27.576      0.000
    10         21  (g)                -44     6     6    15    15   102   103     -2.687     -2.714     -3.279      5.033      0.000
    11         21  (g)                -43     8     0    16    16   105   104     -0.464      2.658     -1.400      3.040      0.000
    12         21  (g)                -42    24    24     7     7   102   101      0.000     -0.000     29.183     29.183      0.000
    13         21  (g)                -41    20    20    17     8   106   103     -0.000      0.000    -17.292     17.292      0.000
    14         21  (g)                -44     9     9    23    23   104   101      3.138      0.087     26.841     27.024      0.000
    15         21  (g)                -44    10    10    18    19   102   103     -3.277     -1.261     -3.477      4.941      0.000
    16         21  (g)                -44    11    11    21    22   105   104     -0.779      3.434     -0.869      3.627      0.000
    17         21  (g)                -43    13     0    29    29   106   105      0.918     -2.261    -10.605     10.882      0.000
    18         21  (g)                -51    15     0    27    27   102   107     -1.393     -0.145     -0.167      1.411      0.000
    19         21  (g)                -51    15     0    30    30   107   103     -1.884     -1.116    -10.735     10.956      0.000
    20         21  (g)                -53    25     0    13    13   106   103     -0.000      0.000    -24.718     24.718      0.000
    21         21  (g)                -51    16     0    28    28   105   108     -1.489      3.896     -0.103      4.172      0.000
    22         21  (g)                -51    16     0    31    31   108   104      1.141     -0.450      2.919      3.166      0.000
    23         21  (g)                -52    14    14    26    26   104   101      2.707      0.075     23.155     23.313      0.000
    24         21  (g)                -42    70     0    12    12   102   101      0.000      0.000     29.183     29.183      0.000
    25         21  (g)                -41    44    44    32    20   109   103     -0.000     -0.000    -59.049     59.049      0.000
    26         21  (g)                -44    23    23    41    41   104   101      2.709      0.081     23.137     23.295      0.000
    27         21  (g)                -44    18    18    54    54   102   107     -1.375     -0.086     -0.191      1.391      0.000
    28         21  (g)                -44    21    21    35    35   105   108     -1.440      4.057      0.020      4.305      0.000
    29         21  (g)                -44    17    17    33    34   106   105      1.166     -1.452    -10.687     10.848      0.000
    30         21  (g)                -44    19    19    42    43   107   103     -1.634     -0.300    -10.807     10.933      0.000
    31         21  (g)                -44    22    22    36    37   108   104      1.143     -0.440      2.909      3.156      0.000
    32         21  (g)                -43    25     0    49    50   109   106     -0.569     -1.860    -34.248     34.303      0.000
    33         21  (g)                -51    29     0    51    51   106   110      1.589     -1.840     -9.668      9.969      0.000
    34         21  (g)                -51    29     0    79    79   110   105     -0.688      1.134     -1.015      1.670      0.000
    35         21  (g)                -52    28    28    38    38   105   108     -1.175      3.311      0.016      3.514      0.000
    36         21  (g)                -51    31     0    39    40   111   104      1.367      0.647      2.171      2.645      0.000
    37         21  (g)                -51    31     0    58    59   108   111     -0.397     -0.597      0.740      1.031      0.000
    38         21  (g)                -52    35    35    60    60   105   108     -1.001      2.821      0.014      2.994      0.000
    39         21  (g)                -51    36     0    77    77   111   112      2.192      0.663      8.336      8.645      0.000
    40         21  (g)                -51    36     0    81    81   112   104     -0.112      0.006     -0.073      0.134      0.000
    41         21  (g)                -52    26    26    72    72   104   101      1.996      0.060     17.045     17.161      0.000
    42         21  (g)                -51    30     0    52    53   107   113     -1.874      0.127    -19.539     19.629      0.000
    43         21  (g)                -51    30     0    82    82   113   103      0.240     -0.427     -3.241      3.278      0.000
    44         21  (g)                -53    57    57    25    25   109   103     -0.000     -0.000    -71.023     71.023      0.000
    45         21  (g)                -31   112   112    47    48   115   114      0.000      0.000      0.007      0.007      0.000
    46         21  (g)                -31   113   113    47    48   114   116      0.000      0.000   -165.692    165.692      0.000
    47         21  (g)                -33    45    46   114   114   117   116      0.729      0.408   -137.353    137.356      0.000
    48         21  (g)                -33    45    46   115   115   115   117     -0.729     -0.408    -28.332     28.344      0.000
    49         21  (g)                -51    32     0    55    56   109   118     -0.446     -2.134    -24.101     24.200      0.000
    50         21  (g)                -51    32     0    83    83   118   106      0.107      0.007    -11.550     11.551      0.000
    51         21  (g)                -52    33    33    75    75   106   110      1.358     -1.573     -8.264      8.522      0.000
    52         21  (g)                -51    42     0    76    76   119   113     -2.248      0.037    -19.286     19.417      0.000
    53         21  (g)                -51    42     0    84    84   107   119      0.225      0.081     -0.274      0.364      0.000
    54         21  (g)                -52    27    27    73    73   102   107     -1.226     -0.076     -0.170      1.240      0.000
    55         21  (g)                -51    49     0    66    66   120   118      0.371     -0.149    -11.766     11.773      0.000
    56         21  (g)                -51    49     0    64    65   109   120     -0.817     -1.986    -25.118     25.210      0.000
    57         21  (g)                -53    71    71    44    44   109   103     -0.000     -0.000    -83.806     83.806      0.000
    58         21  (g)                -51    37     0    63    63   121   111      0.332     -0.307      0.173      0.484      0.000
    59         21  (g)                -51    37     0    61    62   108   121     -0.916      0.235      0.570      1.104      0.000
    60         21  (g)                -52    38    38    69    69   105   108     -0.815      2.296      0.011      2.437      0.000
    61         21  (g)                -51    59     0    67    68   108   122     -0.350      0.141      1.045      1.111      0.000
    62         21  (g)                -51    59     0    87    87   122   121     -0.254     -0.195     -0.313      0.447      0.000
    63         21  (g)                -52    58    58    80    80   121   111      0.020     -0.019      0.010      0.029      0.000
    64         21  (g)                -51    56     0    85    85   109   123     -0.816     -1.582    -28.415     28.470      0.000
    65         21  (g)                -51    56     0    88    88   123   120      0.216     -0.491     -3.584      3.624      0.000
    66         21  (g)                -52    55    55    78    78   120   118      0.154     -0.062     -4.886      4.888      0.000
    67         21  (g)                -51    61     0    86    86   124   122     -0.967      0.697      0.870      1.476      0.000
    68         21  (g)                -51    61     0    89    89   108   124      0.348      0.202      0.179      0.440      0.000
    69         21  (g)                -52    60    60    74    74   105   108     -0.546      1.538      0.008      1.632      0.000
    70         21  (g)                -41    91    91    90    24   102   125      0.000     -0.000     36.443     36.443      0.000
    71         21  (g)                -42    92    92    57    57   109   103      0.000      0.000    -83.806     83.806      0.000
    72         21  (g)                -44    41    41    93    93   104   101      2.284      0.142     17.029     17.182      0.000
    73         21  (g)                -44    54    54    94    94   102   107     -1.217     -0.074     -0.159      1.229      0.000
    74         21  (g)                -44    69    69    95    95   105   108     -0.532      1.542      0.009      1.631      0.000
    75         21  (g)                -44    51    51    96    96   106   110      1.360     -1.573     -8.271      8.528      0.000
    76         21  (g)                -44    52    52    97    97   119   113     -2.247      0.037    -19.264     19.395      0.000
    77         21  (g)                -44    39    39    98    98   111   112      2.336      0.703      8.317      8.667      0.000
    78         21  (g)                -44    66    66    99    99   120   118      0.154     -0.062     -4.886      4.889      0.000
    79         21  (g)                -44    34    34   100   100   110   105     -0.682      1.135     -1.012      1.667      0.000
    80         21  (g)                -44    63    63   101   101   121   111      0.020     -0.018      0.010      0.029      0.000
    81         21  (g)                -44    40    40   102   102   112   104     -0.112      0.006     -0.072      0.133      0.000
    82         21  (g)                -44    43    43   103   103   113   103      0.240     -0.427     -3.242      3.278      0.000
    83         21  (g)                -44    50    50   104   104   118   106      0.107      0.007    -11.550     11.550      0.000
    84         21  (g)                -44    53    53   105   105   107   119      0.226      0.081     -0.276      0.366      0.000
    85         21  (g)                -44    64    64   106   106   109   123     -0.816     -1.582    -28.400     28.456      0.000
    86         21  (g)                -44    67    67   107   107   124   122     -0.947      0.703      0.877      1.470      0.000
    87         21  (g)                -44    62    62   108   108   122   121     -0.252     -0.194     -0.310      0.445      0.000
    88         21  (g)                -44    65    65   109   109   123   120      0.217     -0.491     -3.584      3.624      0.000
    89         21  (g)                -44    68    68   110   110   108   124      0.353      0.203      0.175      0.443      0.000
    90         21  (g)                -43    70     0   111   111   101   125     -0.493     -0.140      7.247      7.265      0.000
    91         21  (g)                -61     1     0    70    70   102   125     -0.759      1.109     36.427     36.452      0.000
    92         21  (g)                -61     2     0    71    71   115   103     -0.255     -1.263    -83.792     83.802      0.000
    93         21  (g)                -62    72    72   155   155   104   101      1.928      0.661     17.038     17.160      0.000
    94         21  (g)                -62    73    73   127   127   102   107     -1.230     -0.068     -0.169      1.244      0.000
    95         21  (g)                -62    74    74   161   161   105   108     -0.551      1.554     -0.031      1.650      0.000
    96         21  (g)                -62    75    75   163   163   106   110      1.332     -1.695     -8.222      8.500      0.000
    97         21  (g)                -62    76    76   125   125   119   113     -2.308     -0.252    -19.282     19.421      0.000
    98         21  (g)                -62    77    77   157   157   111   112      2.158      0.959      8.318      8.647      0.000
    99         21  (g)                -62    78    78   121     0   120   118      0.139     -0.135     -4.883      4.886      0.000
   100         21  (g)                -62    79    79   162   162   110   105     -0.693      1.125     -1.044      1.684      0.000
   101         21  (g)                -62    80    80   120     0   121   111      0.020     -0.018      0.011      0.029      0.000
   102         21  (g)                -62    81    81   156   156   112   104     -0.113      0.005     -0.074      0.135      0.000
   103         21  (g)                -62    82    82   124   124   113   103      0.230     -0.476     -3.229      3.272      0.000
   104         21  (g)                -62    83    83   121     0   118   117      0.072     -0.167    -11.547     11.548      0.000
   105         21  (g)                -62    84    84   126   126   107   119      0.224      0.078     -0.276      0.364      0.000
   106         21  (g)                -62    85    85   122     0   109   123     -0.903     -2.009    -28.367     28.452      0.000
   107         21  (g)                -62    86    86   159   159   124   122     -0.972      0.734      0.852      1.487      0.000
   108         21  (g)                -62    87    87   120     0   122   121     -0.255     -0.198     -0.308      0.446      0.000
   109         21  (g)                -62    88    88   166   166   123   120      0.205     -0.544     -3.571      3.618      0.000
   110         21  (g)                -62    89    89   160   160   108   124      0.346      0.211      0.174      0.441      0.000
   111         21  (g)                -62    90    90   154   154   101   125     -0.644      0.081      7.243      7.272      0.000
   112         21  (g)                -61     1     0    45    45   116   116      0.463      0.059     -7.135      7.150      0.000
   113         21  (g)                -61     2     0    46    46   114   114      0.052     -0.024   -162.974    162.974      0.000
   114         21  (g)                -62    47    47   164   164   117   106      0.858      0.394   -160.168    160.171      0.000
   115         21  (g)                -62    48    48   122     0   115   109     -0.344     -0.360     -9.941      9.953      0.000
   116          2  (u)                -63     1     0   153   153   125     0      0.029     -0.962    511.091    511.092      0.330
   117       2101  (ud_0)             -63     1     0   128   128     0   102      0.267     -0.205   6452.455   6452.456      0.579
   118          2  (u)                -63     2     0   123   123   103     0      0.839      0.903   -381.479    381.481      0.330
   119       2101  (ud_0)             -63     2     0   168   168     0   115     -0.636      0.384  -6364.594   6364.594      0.579
   120         21  (g)                -73   101   108   158   158   122   111     -0.235     -0.216     -0.297      0.475      0.189
   121         21  (g)                -73    99   104   165   165   120   117      0.211     -0.302    -16.430     16.435      0.194
   122         21  (g)                -73   106   115   167   167   115   123     -1.247     -2.369    -38.307     38.405      0.582
   123          2  (u)                -71   118   118   129   152   103     0      0.839      0.903   -381.479    381.481      0.330
   124         21  (g)                -71   103   103   129   152   113   103      0.230     -0.476     -3.229      3.272      0.000
   125         21  (g)                -71    97    97   129   152   119   113     -2.308     -0.252    -19.282     19.421      0.000
   126         21  (g)                -71   105   105   129   152   107   119      0.224      0.078     -0.276      0.364      0.000
   127         21  (g)                -71    94    94   129   152   102   107     -1.230     -0.068     -0.169      1.244      0.000
   128       2101  (ud_0)             -71   117   117   129   152     0   102      0.267     -0.205   6452.455   6452.456      0.579
   129        213  (rho+)             -83   123   128   211   212     0     0      0.009      0.193   -179.271    179.276      1.230
   130       -211  pi-                 83   123   128     0     0     0     0      0.381      0.357    -60.807     60.810      0.140
   131        111  (pi0)              -83   123   128   245   246     0     0      0.723      0.197   -106.170    106.173      0.135
   132        113  (rho0)             -83   123   128   213   214     0     0     -0.303      0.056    -25.934     25.947      0.740
   133        113  (rho0)             -83   123   128   215   216     0     0     -0.379     -0.230    -16.403     16.416      0.476
   134        321  K+                  83   123   128     0     0     0     0     -0.337     -0.060     -3.980      4.025      0.494
   135       -321  K-                  83   123   128     0     0     0     0      0.141     -0.275     -2.355      2.426      0.494
   136        211  pi+                 83   123   128     0     0     0     0     -0.481     -0.154     -4.499      4.529      0.140
   137       -211  pi-                 83   123   128     0     0     0     0     -0.325      0.056     -1.030      1.090      0.140
   138        211  pi+                 83   123   128     0     0     0     0     -0.786      0.036     -2.604      2.724      0.140
   139       -213  (rho-)             -84   123   128   217   218     0     0     -0.669     -0.068     -0.088      0.922      0.624
   140        211  pi+                 84   123   128     0     0     0     0      0.495      0.054     -1.090      1.206      0.140
   141        221  (eta)              -84   123   128   247   248     0     0     -0.622      0.377      2.681      2.831      0.548
   142       -211  pi-                 84   123   128     0     0     0     0      0.334     -0.406      0.970      1.112      0.140
   143        111  (pi0)              -84   123   128   249   250     0     0     -0.370      0.277      1.676      1.744      0.135
   144        213  (rho+)             -84   123   128   219   220     0     0     -0.208     -0.215     46.005     46.015      0.866
   145       2112  n0                  84   123   128     0     0     0     0      0.074      0.029      9.125      9.173      0.940
   146        111  (pi0)              -84   123   128   251   252     0     0      0.067     -0.208      4.988      4.994      0.135
   147      -2212  pbar-               84   123   128     0     0     0     0     -0.224     -0.241     57.002     57.011      0.938
   148        213  (rho+)             -84   123   128   221   222     0     0      0.220      0.360    208.610    208.614      1.254
   149       2112  n0                  84   123   128     0     0     0     0     -0.130      0.292    273.806    273.808      0.940
   150      -2112  nbar0               84   123   128     0     0     0     0      0.243     -0.674    725.970    725.971      0.940
   151        313  (K*0)              -84   123   128   223   224     0     0      0.189      0.391   1744.256   1744.256      0.935
   152       3122  (Lambda0)          -84   123   128   253   254     0     0     -0.019     -0.164   3377.163   3377.163      1.116
   153          2  (u)                -71   116   116   169   210   125     0      0.029     -0.962    511.091    511.092      0.330
   154         21  (g)                -71   111   111   169   210   101   125     -0.644      0.081      7.243      7.272      0.000
   155         21  (g)                -71    93    93   169   210   104   101      1.928      0.661     17.038     17.160      0.000
   156         21  (g)                -71   102   102   169   210   112   104     -0.113      0.005     -0.074      0.135      0.000
   157         21  (g)                -71    98    98   169   210   111   112      2.158      0.959      8.318      8.647      0.000
   158         21  (g)                -71   120   120   169   210   122   111     -0.235     -0.216     -0.297      0.475      0.189
   159         21  (g)                -71   107   107   169   210   124   122     -0.972      0.734      0.852      1.487      0.000
   160         21  (g)                -71   110   110   169   210   108   124      0.346      0.211      0.174      0.441      0.000
   161         21  (g)                -71    95    95   169   210   105   108     -0.551      1.554     -0.031      1.650      0.000
   162         21  (g)                -71   100   100   169   210   110   105     -0.693      1.125     -1.044      1.684      0.000
   163         21  (g)                -71    96    96   169   210   106   110      1.332     -1.695     -8.222      8.500      0.000
   164         21  (g)                -71   114   114   169   210   117   106      0.858      0.394   -160.168    160.171      0.000
   165         21  (g)                -71   121   121   169   210   120   117      0.211     -0.302    -16.430     16.435      0.194
   166         21  (g)                -71   109   109   169   210   123   120      0.205     -0.544     -3.571      3.618      0.000
   167         21  (g)                -71   122   122   169   210   115   123     -1.247     -2.369    -38.307     38.405      0.582
   168       2101  (ud_0)             -71   119   119   169   210     0   115     -0.636      0.384  -6364.594   6364.594      0.579
   169        111  (pi0)              -83   153   168   255   256     0     0      0.073     -0.188     88.891     88.892      0.135
   170        223  (omega)            -83   153   168   257   259     0     0     -0.264     -0.419    142.116    142.119      0.785
   171        213  (rho+)             -83   153   168   225   226     0     0     -0.213     -0.148    127.106    127.109      0.845
   172       -211  pi-                 83   153   168     0     0     0     0      0.397     -0.029     61.670     61.671      0.140
   173        213  (rho+)             -83   153   168   227   228     0     0     -0.167     -0.179     37.084     37.095      0.869
   174       -213  (rho-)             -83   153   168   229   230     0     0      0.232     -0.532     34.665     34.683      0.938
   175        111  (pi0)              -83   153   168   260   261     0     0     -0.017      0.450      3.882      3.910      0.135
   176        211  pi+                 83   153   168     0     0     0     0      0.935      0.575     24.069     24.095      0.140
   177        111  (pi0)              -83   153   168   262   263     0     0     -0.475      0.333     13.718     13.731      0.135
   178        111  (pi0)              -83   153   168   264   265     0     0      0.726      0.118      1.695      1.852      0.135
   179        111  (pi0)              -83   153   168   266   267     0     0      0.743      0.470      2.936      3.068      0.135
   180       -211  pi-                 83   153   168     0     0     0     0      0.730     -0.534      3.027      3.162      0.140
   181        111  (pi0)              -83   153   168   268   269     0     0     -0.068      0.696      0.951      1.188      0.135
   182       2212  p+                  83   153   168     0     0     0     0     -0.247      0.251      1.188      1.554      0.938
   183        111  (pi0)              -83   153   168   270   271     0     0      0.505     -0.287      0.295      0.666      0.135
   184      -2214  (Deltabar-)        -83   153   168   231   232     0     0     -0.887      1.618      0.384      2.195      1.126
   185        111  (pi0)              -83   153   168   272   273     0     0     -0.109      0.054     -0.006      0.182      0.135
   186        213  (rho+)             -83   153   168   233   234     0     0      0.066      0.537     -0.492      1.323      1.103
   187        311  (K0)               -83   153   168   235   235     0     0      0.026      0.757      0.285      0.950      0.498
   188       -311  (Kbar0)            -84   153   168   236   236     0     0     -0.321     -0.678     -2.429      2.590      0.498
   189        221  (eta)              -84   153   168   274   276     0     0      0.714      0.014     -2.657      2.805      0.548
   190        313  (K*0)              -84   153   168   237   238     0     0     -0.423      0.412     -3.350      3.572      1.089
   191       -323  (K*-)              -84   153   168   239   240     0     0      0.461     -1.000     -7.086      7.226      0.893
   192        111  (pi0)              -84   153   168   277   278     0     0      0.136      0.364    -32.713     32.716      0.135
   193        111  (pi0)              -84   153   168   279   280     0     0      1.064     -0.200    -49.571     49.583      0.135
   194       2212  p+                  84   153   168     0     0     0     0     -0.390     -0.039    -56.018     56.027      0.938
   195      -2212  pbar-               84   153   168     0     0     0     0      0.170      0.131    -26.546     26.564      0.938
   196        321  K+                  84   153   168     0     0     0     0     -0.214     -1.135    -16.168     16.217      0.494
   197       -311  (Kbar0)            -84   153   168   241   241     0     0     -0.115     -0.225    -12.127     12.140      0.498
   198        111  (pi0)              -84   153   168   281   282     0     0      0.155     -0.333     -8.253      8.263      0.135
   199        223  (omega)            -84   153   168   283   285     0     0     -0.911     -1.220    -34.302     34.345      0.781
   200        111  (pi0)              -84   153   168   286   287     0     0      0.592     -0.022    -63.926     63.929      0.135
   201        111  (pi0)              -84   153   168   288   289     0     0     -0.307      0.055    -64.873     64.874      0.135
   202        111  (pi0)              -84   153   168   290   291     0     0      0.044      0.205   -191.557    191.557      0.135
   203       -211  pi-                 84   153   168     0     0     0     0      0.154      0.057   -105.230    105.230      0.140
   204        211  pi+                 84   153   168     0     0     0     0      0.111     -0.325    -82.142     82.143      0.140
   205        113  (rho0)             -84   153   168   242   243     0     0     -0.080     -0.018    -82.540     82.543      0.709
   206       -211  pi-                 84   153   168     0     0     0     0     -0.022     -0.065    -97.641     97.641      0.140
   207        223  (omega)            -84   153   168   292   294     0     0     -0.281      0.036   -625.699    625.700      0.786
   208        221  (eta)              -84   153   168   295   297     0     0      0.123      0.509  -1290.471   1290.471      0.548
   209        111  (pi0)              -84   153   168   298   299     0     0     -0.506     -0.231   -647.112    647.112      0.135
   210       2212  p+                  84   153   168     0     0     0     0     -0.162      0.180  -3089.071   3089.071      0.938
   211        211  pi+                 91   129     0     0     0     0     0     -0.136     -0.231    -12.462     12.466      0.140
   212        111  (pi0)              -91   129     0   300   301     0     0      0.145      0.425   -166.809    166.810      0.135
   213        211  pi+                 91   132     0     0     0     0     0      0.063      0.111    -19.112     19.113      0.140
   214       -211  pi-                 91   132     0     0     0     0     0     -0.366     -0.055     -6.822      6.834      0.140
   215        211  pi+                 91   133     0     0     0     0     0      0.055     -0.039     -4.426      4.429      0.140
   216       -211  pi-                 91   133     0     0     0     0     0     -0.434     -0.192    -11.977     11.987      0.140
   217       -211  pi-                 91   139     0     0     0     0     0     -0.478      0.204     -0.150      0.558      0.140
   218        111  (pi0)              -91   139     0   302   303     0     0     -0.191     -0.271      0.062      0.364      0.135
   219        211  pi+                 91   144     0     0     0     0     0      0.289     -0.001     10.998     11.003      0.140
   220        111  (pi0)              -91   144     0   304   305     0     0     -0.497     -0.214     35.007     35.012      0.135
   221        211  pi+                 91   148     0     0     0     0     0     -0.295      0.346     33.455     33.459      0.140
   222        111  (pi0)              -91   148     0   306   307     0     0      0.515      0.014    175.155    175.156      0.135
   223        321  K+                  91   151     0     0     0     0     0     -0.147      0.122   1198.428   1198.428      0.494
   224       -211  pi-                 91   151     0     0     0     0     0      0.337      0.269    545.828    545.828      0.140
   225        211  pi+                 91   171     0     0     0     0     0     -0.140      0.012      6.857      6.860      0.140
   226        111  (pi0)              -91   171     0   308   309     0     0     -0.073     -0.160    120.248    120.249      0.135
   227        211  pi+                 91   173     0     0     0     0     0     -0.229      0.129      4.837      4.846      0.140
   228        111  (pi0)              -91   173     0   310   311     0     0      0.063     -0.308     32.246     32.248      0.135
   229       -211  pi-                 91   174     0     0     0     0     0      0.334     -0.742     27.907     27.919      0.140
   230        111  (pi0)              -91   174     0   312   313     0     0     -0.102      0.209      6.758      6.763      0.135
   231      -2112  nbar0               91   184     0     0     0     0     0     -0.794      1.361      0.221      1.847      0.940
   232       -211  pi-                 91   184     0     0     0     0     0     -0.093      0.257      0.164      0.348      0.140
   233        211  pi+                 91   186     0     0     0     0     0     -0.297      0.651     -0.553      0.915      0.140
   234        111  (pi0)              -91   186     0   314   315     0     0      0.363     -0.114      0.061      0.409      0.135
   235        310  (K_S0)             -91   187   187   316   317     0     0      0.026      0.757      0.285      0.950      0.498
   236        130  K_L0                91   188   188     0     0     0     0     -0.321     -0.678     -2.429      2.590      0.498
   237        321  K+                  91   190     0     0     0     0     0     -0.418      0.653     -2.122      2.313      0.494
   238       -211  pi-                 91   190     0     0     0     0     0     -0.006     -0.241     -1.228      1.259      0.140
   239       -311  (Kbar0)            -91   191     0   244   244     0     0      0.197     -0.266     -3.765      3.812      0.498
   240       -211  pi-                 91   191     0     0     0     0     0      0.265     -0.734     -3.321      3.414      0.140
   241        310  (K_S0)             -91   197   197   318   319     0     0     -0.115     -0.225    -12.127     12.140      0.498
   242        211  pi+                 91   205     0     0     0     0     0     -0.138     -0.092    -77.464     77.464      0.140
   243       -211  pi-                 91   205     0     0     0     0     0      0.057      0.074     -5.076      5.079      0.140
   244        130  K_L0                91   239   239     0     0     0     0      0.197     -0.266     -3.765      3.812      0.498
   245         22  gamma               91   131     0     0     0     0     0      0.727      0.197   -105.916    105.919      0.000
   246         22  gamma               91   131     0     0     0     0     0     -0.005      0.000     -0.254      0.254      0.000
   247         22  gamma               91   141     0     0     0     0     0     -0.658      0.303      1.715      1.862      0.000
   248         22  gamma               91   141     0     0     0     0     0      0.037      0.075      0.965      0.969      0.000
   249         22  gamma               91   143     0     0     0     0     0     -0.323      0.245      1.251      1.316      0.000
   250         22  gamma               91   143     0     0     0     0     0     -0.047      0.032      0.425      0.429      0.000
   251         22  gamma               91   146     0     0     0     0     0      0.044     -0.019      1.970      1.970      0.000
   252         22  gamma               91   146     0     0     0     0     0      0.023     -0.190      3.018      3.024      0.000
   253       2212  p+                  91   152     0     0     0     0     0     -0.019     -0.050   2964.760   2964.760      0.938
   254       -211  pi-                 91   152     0     0     0     0     0      0.001     -0.114    412.403    412.403      0.140
   255         22  gamma               91   169     0     0     0     0     0     -0.015     -0.059     10.634     10.634      0.000
   256         22  gamma               91   169     0     0     0     0     0      0.087     -0.129     78.257     78.257      0.000
   257        211  pi+                 91   170     0     0     0     0     0      0.099     -0.017     30.186     30.186      0.140
   258       -211  pi-                 91   170     0     0     0     0     0     -0.302     -0.457     71.828     71.830      0.140
   259        111  (pi0)              -91   170     0   320   321     0     0     -0.061      0.056     40.103     40.103      0.135
   260         22  gamma               91   175     0     0     0     0     0      0.010      0.441      3.652      3.678      0.000
   261         22  gamma               91   175     0     0     0     0     0     -0.027      0.009      0.230      0.232      0.000
   262         22  gamma               91   177     0     0     0     0     0     -0.342      0.217     10.790     10.797      0.000
   263         22  gamma               91   177     0     0     0     0     0     -0.133      0.116      2.928      2.934      0.000
   264         22  gamma               91   178     0     0     0     0     0      0.170      0.068      0.532      0.563      0.000
   265         22  gamma               91   178     0     0     0     0     0      0.555      0.051      1.162      1.289      0.000
   266         22  gamma               91   179     0     0     0     0     0      0.650      0.352      2.448      2.557      0.000
   267         22  gamma               91   179     0     0     0     0     0      0.093      0.118      0.488      0.511      0.000
   268         22  gamma               91   181     0     0     0     0     0     -0.056      0.094      0.167      0.200      0.000
   269         22  gamma               91   181     0     0     0     0     0     -0.012      0.602      0.784      0.988      0.000
   270         22  gamma               91   183     0     0     0     0     0      0.104     -0.063      0.004      0.122      0.000
   271         22  gamma               91   183     0     0     0     0     0      0.401     -0.224      0.291      0.544      0.000
   272         22  gamma               91   185     0     0     0     0     0     -0.061     -0.040      0.014      0.074      0.000
   273         22  gamma               91   185     0     0     0     0     0     -0.048      0.094     -0.021      0.107      0.000
   274        111  (pi0)              -91   189     0   322   323     0     0      0.405     -0.108     -1.225      1.302      0.135
   275        111  (pi0)              -91   189     0   324   325     0     0      0.228      0.014     -0.876      0.915      0.135
   276        111  (pi0)              -91   189     0   326   327     0     0      0.080      0.109     -0.556      0.588      0.135
   277         22  gamma               91   192     0     0     0     0     0      0.095      0.159    -10.759     10.761      0.000
   278         22  gamma               91   192     0     0     0     0     0      0.041      0.205    -21.954     21.955      0.000
   279         22  gamma               91   193     0     0     0     0     0      0.788     -0.129    -33.771     33.781      0.000
   280         22  gamma               91   193     0     0     0     0     0      0.277     -0.071    -15.800     15.803      0.000
   281         22  gamma               91   198     0     0     0     0     0      0.141     -0.163     -3.948      3.954      0.000
   282         22  gamma               91   198     0     0     0     0     0      0.013     -0.170     -4.306      4.309      0.000
   283        211  pi+                 91   199     0     0     0     0     0     -0.186     -0.462    -12.846     12.856      0.140
   284       -211  pi-                 91   199     0     0     0     0     0     -0.261     -0.433     -6.596      6.617      0.140
   285        111  (pi0)              -91   199     0   328   329     0     0     -0.464     -0.324    -14.860     14.872      0.135
   286         22  gamma               91   200     0     0     0     0     0      0.393      0.042    -44.879     44.881      0.000
   287         22  gamma               91   200     0     0     0     0     0      0.199     -0.064    -19.047     19.048      0.000
   288         22  gamma               91   201     0     0     0     0     0     -0.136      0.067    -40.745     40.746      0.000
   289         22  gamma               91   201     0     0     0     0     0     -0.171     -0.011    -24.127     24.128      0.000
   290         22  gamma               91   202     0     0     0     0     0      0.071      0.121    -76.803     76.804      0.000
   291         22  gamma               91   202     0     0     0     0     0     -0.027      0.084   -114.754    114.754      0.000
   292        211  pi+                 91   207     0     0     0     0     0      0.159      0.020   -282.857    282.857      0.140
   293       -211  pi-                 91   207     0     0     0     0     0     -0.286     -0.031   -138.790    138.790      0.140
   294        111  (pi0)              -91   207     0   330   331     0     0     -0.154      0.047   -204.052    204.052      0.135
   295        111  (pi0)              -91   208     0   332   333     0     0      0.041      0.188   -594.316    594.316      0.135
   296        111  (pi0)              -91   208     0   334   335     0     0     -0.008      0.071   -117.429    117.429      0.135
   297        111  (pi0)              -91   208     0   336   337     0     0      0.091      0.250   -578.727    578.727      0.135
   298         22  gamma               91   209     0     0     0     0     0     -0.504     -0.243   -632.847    632.847      0.000
   299         22  gamma               91   209     0     0     0     0     0     -0.001      0.012    -14.265     14.265      0.000
   300         22  gamma               91   212     0     0     0     0     0      0.061      0.322   -131.723    131.724      0.000
   301         22  gamma               91   212     0     0     0     0     0      0.084      0.103    -35.086     35.086      0.000
   302         22  gamma               91   218     0     0     0     0     0      0.011     -0.077      0.010      0.078      0.000
   303         22  gamma               91   218     0     0     0     0     0     -0.202     -0.194      0.052      0.285      0.000
   304         22  gamma               91   220     0     0     0     0     0     -0.467     -0.157     30.431     30.435      0.000
   305         22  gamma               91   220     0     0     0     0     0     -0.030     -0.057      4.576      4.577      0.000
   306         22  gamma               91   222     0     0     0     0     0      0.198     -0.054     59.377     59.377      0.000
   307         22  gamma               91   222     0     0     0     0     0      0.317      0.069    115.778    115.778      0.000
   308         22  gamma               91   226     0     0     0     0     0      0.013      0.018     17.080     17.081      0.000
   309         22  gamma               91   226     0     0     0     0     0     -0.086     -0.178    103.168    103.168      0.000
   310         22  gamma               91   228     0     0     0     0     0      0.015     -0.078     15.031     15.032      0.000
   311         22  gamma               91   228     0     0     0     0     0      0.048     -0.230     17.215     17.217      0.000
   312         22  gamma               91   230     0     0     0     0     0     -0.134      0.149      5.056      5.060      0.000
   313         22  gamma               91   230     0     0     0     0     0      0.032      0.060      1.702      1.703      0.000
   314         22  gamma               91   234     0     0     0     0     0      0.371     -0.094      0.056      0.387      0.000
   315         22  gamma               91   234     0     0     0     0     0     -0.007     -0.020      0.005      0.022      0.000
   316        211  pi+                 91   235     0     0     0     0     0     -0.186      0.395      0.093      0.468      0.140
   317       -211  pi-                 91   235     0     0     0     0     0      0.212      0.362      0.192      0.482      0.140
   318        111  (pi0)              -91   241     0   338   339     0     0      0.138      0.001     -4.333      4.337      0.135
   319        111  (pi0)              -91   241     0   340   341     0     0     -0.253     -0.226     -7.795      7.803      0.135
   320         22  gamma               91   259     0     0     0     0     0     -0.033      0.043     38.396     38.396      0.000
   321         22  gamma               91   259     0     0     0     0     0     -0.028      0.013      1.707      1.707      0.000
   322         22  gamma               91   274     0     0     0     0     0      0.031     -0.038     -0.067      0.083      0.000
   323         22  gamma               91   274     0     0     0     0     0      0.375     -0.071     -1.157      1.219      0.000
   324         22  gamma               91   275     0     0     0     0     0      0.130      0.074     -0.529      0.550      0.000
   325         22  gamma               91   275     0     0     0     0     0      0.098     -0.060     -0.347      0.366      0.000
   326         22  gamma               91   276     0     0     0     0     0      0.017      0.092     -0.149      0.176      0.000
   327         22  gamma               91   276     0     0     0     0     0      0.063      0.018     -0.407      0.412      0.000
   328         22  gamma               91   285     0     0     0     0     0     -0.308     -0.261     -9.144      9.153      0.000
   329         22  gamma               91   285     0     0     0     0     0     -0.156     -0.063     -5.717      5.719      0.000
   330         22  gamma               91   294     0     0     0     0     0     -0.101      0.086   -101.662    101.662      0.000
   331         22  gamma               91   294     0     0     0     0     0     -0.053     -0.039   -102.390    102.390      0.000
   332         22  gamma               91   295     0     0     0     0     0      0.031     -0.012    -62.620     62.620      0.000
   333         22  gamma               91   295     0     0     0     0     0      0.010      0.200   -531.695    531.695      0.000
   334         22  gamma               91   296     0     0     0     0     0     -0.062      0.076    -76.482     76.482      0.000
   335         22  gamma               91   296     0     0     0     0     0      0.054     -0.006    -40.947     40.947      0.000
   336         22  gamma               91   297     0     0     0     0     0      0.046      0.159   -218.658    218.658      0.000
   337         22  gamma               91   297     0     0     0     0     0      0.045      0.091   -360.069    360.069      0.000
   338         22  gamma               91   318     0     0     0     0     0      0.095     -0.040     -1.439      1.442      0.000
   339         22  gamma               91   318     0     0     0     0     0      0.043      0.041     -2.894      2.895      0.000
   340         22  gamma               91   319     0     0     0     0     0     -0.200     -0.136     -4.137      4.144      0.000
   341         22  gamma               91   319     0     0     0     0     0     -0.053     -0.090     -3.658      3.659      0.000
                                   Charge sum:  2.000           Momentum sum:     -0.000     -0.000     -0.000  14000.000  14000.000

 --------  End PYTHIA Event Listing  -----------------------------------------------------------------------------------------------

 --------  PYTHIA Event Listing  (complete event)  ---------------------------------------------------------------------------------
 
    no         id  name            status     mothers   daughters     colours      p_x        p_y        p_z         e          m 
     0         90  (system)           -11     0     0     0     0     0     0      0.000      0.000      0.000  14000.000  14000.000
     1       2212  (p+)               -12     0     0    91     0     0     0      0.000      0.000   7000.000   7000.000      0.938
     2       2212  (p+)               -12     0     0    92     0     0     0      0.000      0.000  -7000.000   7000.000      0.938
     3         21  (g)                -21     7     7     5     6   102   101      0.000      0.000     29.183     29.183      0.000
     4         21  (g)                -21     8     0     5     6   104   103      0.000      0.000     -4.065      4.065      0.000
     5         21  (g)                -23     3     4     9     9   104   101      3.141      0.112     28.475     28.648      0.000
     6         21  (g)                -23     3     4    10    10   102   103     -3.141     -0.112     -3.358      4.599      0.000
     7         21  (g)                -42    12    12     3     3   102   101      0.000     -0.000     29.183     29.183      0.000
     8         21  (g)                -41    13     0    11     4   105   103     -0.000      0.000     -6.467      6.467      0.000
     9         21  (g)                -44     5     5    14    14   104   101      3.151      0.056     27.395     27.576      0.000
    10         21  (g)                -44     6     6    15    15   102   103     -2.687     -2.714     -3.279      5.033      0.000
    11         21  (g)                -43     8     0    16    16   105   104     -0.464      2.658     -1.400      3.040      0.000
    12         21  (g)                -42    24    24     7     7   102   101      0.000     -0.000     29.183     29.183      0.000
    13         21  (g)                -41    20    20    17     8   106   103     -0.000      0.000    -17.292     17.292      0.000
    14         21  (g)                -44     9     9    23    23   104   101      3.138      0.087     26.841     27.024      0.000
    15         21  (g)                -44    10    10    18    19   102   103     -3.277     -1.261     -3.477      4.941      0.000
    16         21  (g)                -44    11    11    21    22   105   104     -0.779      3.434     -0.869      3.627      0.000
    17         21  (g)                -43    13     0    29    29   106   105      0.918     -2.261    -10.605     10.882      0.000
    18         21  (g)                -51    15     0    27    27   102   107     -1.393     -0.145     -0.167      1.411      0.000
    19         21  (g)                -51    15     0    30    30   107   103     -1.884     -1.116    -10.735     10.956      0.000
    20         21  (g)                -53    25     0    13    13   106   103     -0.000      0.000    -24.718     24.718      0.000
    21         21  (g)                -51    16     0    28    28   105   108     -1.489      3.896     -0.103      4.172      0.000
    22         21  (g)                -51    16     0    31    31   108   104      1.141     -0.450      2.919      3.166      0.000
    23         21  (g)                -52    14    14    26    26   104   101      2.707      0.075     23.155     23.313      0.000
    24         21  (g)                -42    70     0    12    12   102   101      0.000      0.000     29.183     29.183      0.000
    25         21  (g)                -41    44    44    32    20   109   103     -0.000     -0.000    -59.049     59.049      0.000
    26         21  (g)                -44    23    23    41    41   104   101      2.709      0.081     23.137     23.295      0.000
    27         21  (g)                -44    18    18    54    54   102   107     -1.375     -0.086     -0.191      1.391      0.000
    28         21  (g)                -44    21    21    35    35   105   108     -1.440      4.057      0.020      4.305      0.000
    29         21  (g)                -44    17    17    33    34   106   105      1.166     -1.452    -10.687     10.848      0.000
    30         21  (g)                -44    19    19    42    43   107   103     -1.634     -0.300    -10.807     10.933      0.000
    31         21  (g)                -44    22    22    36    37   108   104      1.143     -0.440      2.909      3.156      0.000
    32         21  (g)                -43    25     0    49    50   109   106     -0.569     -1.860    -34.248     34.303      0.000
    33         21  (g)                -51    29     0    51    51   106   110      1.589     -1.840     -9.668      9.969      0.000
    34         21  (g)                -51    29     0    79    79   110   105     -0.688      1.134     -1.015      1.670      0.000
    35         21  (g)                -52    28    28    38    38   105   108     -1.175      3.311      0.016      3.514      0.000
    36         21  (g)                -51    31     0    39    40   111   104      1.367      0.647      2.171      2.645      0.000
    37         21  (g)                -51    31     0    58    59   108   111     -0.397     -0.597      0.740      1.031      0.000
    38         21  (g)                -52    35    35    60    60   105   108     -1.001      2.821      0.014      2.994      0.000
    39         21  (g)                -51    36     0    77    77   111   112      2.192      0.663      8.336      8.645      0.000
    40         21  (g)                -51    36     0    81    81   112   104     -0.112      0.006     -0.073      0.134      0.000
    41         21  (g)                -52    26    26    72    72   104   101      1.996      0.060     17.045     17.161      0.000
    42         21  (g)                -51    30     0    52    53   107   113     -1.874      0.127    -19.539     19.629      0.000
    43         21  (g)                -51    30     0    82    82   113   103      0.240     -0.427     -3.241      3.278      0.000
    44         21  (g)                -53    57    57    25    25   109   103     -0.000     -0.000    -71.023     71.023      0.000
    45         21  (g)                -31   112   112    47    48   115   114      0.000      0.000      0.007      0.007      0.000
    46         21  (g)                -31   113   113    47    48   114   116      0.000      0.000   -165.692    165.692      0.000
    47         21  (g)                -33    45    46   114   114   117   116      0.729      0.408   -137.353    137.356      0.000
    48         21  (g)                -33    45    46   115   115   115   117     -0.729     -0.408    -28.332     28.344      0.000
    49         21  (g)                -51    32     0    55    56   109   118     -0.446     -2.134    -24.101     24.200      0.000
    50         21  (g)                -51    32     0    83    83   118   106      0.107      0.007    -11.550     11.551      0.000
    51         21  (g)                -52    33    33    75    75   106   110      1.358     -1.573     -8.264      8.522      0.000
    52         21  (g)                -51    42     0    76    76   119   113     -2.248      0.037    -19.286     19.417      0.000
    53         21  (g)                -51    42     0    84    84   107   119      0.225      0.081     -0.274      0.364      0.000
    54         21  (g)                -52    27    27    73    73   102   107     -1.226     -0.076     -0.170      1.240      0.000
    55         21  (g)                -51    49     0    66    66   120   118      0.371     -0.149    -11.766     11.773      0.000
    56         21  (g)                -51    49     0    64    65   109   120     -0.817     -1.986    -25.118     25.210      0.000
    57         21  (g)                -53    71    71    44    44   109   103     -0.000     -0.000    -83.806     83.806      0.000
    58         21  (g)                -51    37     0    63    63   121   111      0.332     -0.307      0.173      0.484      0.000
    59         21  (g)                -51    37     0    61    62   108   121     -0.916      0.235      0.570      1.104      0.000
    60         21  (g)                -52    38    38    69    69   105   108     -0.815      2.296      0.011      2.437      0.000
    61         21  (g)                -51    59     0    67    68   108   122     -0.350      0.141      1.045      1.111      0.000
    62         21  (g)                -51    59     0    87    87   122   121     -0.254     -0.195     -0.313      0.447      0.000
    63         21  (g)                -52    58    58    80    80   121   111      0.020     -0.019      0.010      0.029      0.000
    64         21  (g)                -51    56     0    85    85   109   123     -0.816     -1.582    -28.415     28.470      0.000
    65         21  (g)                -51    56     0    88    88   123   120      0.216     -0.491     -3.584      3.624      0.000
    66         21  (g)                -52    55    55    78    78   120   118      0.154     -0.062     -4.886      4.888      0.000
    67         21  (g)                -51    61     0    86    86   124   122     -0.967      0.697      0.870      1.476      0.000
    68         21  (g)                -51    61     0    89    89   108   124      0.348      0.202      0.179      0.440      0.000
    69         21  (g)                -52    60    60    74    74   105   108     -0.546      1.538      0.008      1.632      0.000
    70         21  (g)                -41    91    91    90    24   102   125      0.000     -0.000     36.443     36.443      0.000
    71         21  (g)                -42    92    92    57    57   109   103      0.000      0.000    -83.806     83.806      0.000
    72         21  (g)                -44    41    41    93    93   104   101      2.284      0.142     17.029     17.182      0.000
    73         21  (g)                -44    54    54    94    94   102   107     -1.217     -0.074     -0.159      1.229      0.000
    74         21  (g)                -44    69    69    95    95   105   108     -0.532      1.542      0.009      1.631      0.000
    75         21  (g)                -44    51    51    96    96   106   110      1.360     -1.573     -8.271      8.528      0.000
    76         21  (g)                -44    52    52    97    97   119   113     -2.247      0.037    -19.264     19.395      0.000
    77         21  (g)                -44    39    39    98    98   111   112      2.336      0.703      8.317      8.667      0.000
    78         21  (g)                -44    66    66    99    99   120   118      0.154     -0.062     -4.886      4.889      0.000
    79         21  (g)                -44    34    34   100   100   110   105     -0.682      1.135     -1.012      1.667      0.000
    80         21  (g)                -44    63    63   101   101   121   111      0.020     -0.018      0.010      0.029      0.000
    81         21  (g)                -44    40    40   102   102   112   104     -0.112      0.006     -0.072      0.133      0.000
    82         21  (g)                -44    43    43   103   103   113   103      0.240     -0.427     -3.242      3.278      0.000
    83         21  (g)                -44    50    50   104   104   118   106      0.107      0.007    -11.550     11.550      0.000
    84         21  (g)                -44    53    53   105   105   107   119      0.226      0.081     -0.276      0.366      0.000
    85         21  (g)                -44    64    64   106   106   109   123     -0.816     -1.582    -28.400     28.456      0.000
    86         21  (g)                -44    67    67   107   107   124   122     -0.947      0.703      0.877      1.470      0.000
    87         21  (g)                -44    62    62   108   108   122   121     -0.252     -0.194     -0.310      0.445      0.000
    88         21  (g)                -44    65    65   109   109   123   120      0.217     -0.491     -3.584      3.624      0.000
    89         21  (g)                -44    68    68   110   110   108   124      0.353      0.203      0.175      0.443      0.000
    90         21  (g)                -43    70     0   111   111   101   125     -0.493     -0.140      7.247      7.265      0.000
    91         21  (g)                -61     1     0    70    70   102   125     -0.759      1.109     36.427     36.452      0.000
    92         21  (g)                -61     2     0    71    71   115   103     -0.255     -1.263    -83.792     83.802      0.000
    93         21  (g)                -62    72    72   155   155   104   101      1.928      0.661     17.038     17.160      0.000
    94         21  (g)                -62    73    73   127   127   102   107     -1.230     -0.068     -0.169      1.244      0.000
    95         21  (g)                -62    74    74   161   161   105   108     -0.551      1.554     -0.031      1.650      0.000
    96         21  (g)                -62    75    75   163   163   106   110      1.332     -1.695     -8.222      8.500      0.000
    97         21  (g)                -62    76    76   125   125   119   113     -2.308     -0.252    -19.282     19.421      0.000
    98         21  (g)                -62    77    77   157   157   111   112      2.158      0.959      8.318      8.647      0.000
    99         21  (g)                -62    78    78   121     0   120   118      0.139     -0.135     -4.883      4.886      0.000
   100         21  (g)                -62    79    79   162   162   110   105     -0.693      1.125     -1.044      1.684      0.000
   101         21  (g)                -62    80    80   120     0   121   111      0.020     -0.018      0.011      0.029      0.000
   102         21  (g)                -62    81    81   156   156   112   104     -0.113      0.005     -0.074      0.135      0.000
   103         21  (g)                -62    82    82   124   124   113   103      0.230     -0.476     -3.229      3.272      0.000
   104         21  (g)                -62    83    83   121     0   118   117      0.072     -0.167    -11.547     11.548      0.000
   105         21  (g)                -62    84    84   126   126   107   119      0.224      0.078     -0.276      0.364      0.000
   106         21  (g)                -62    85    85   122     0   109   123     -0.903     -2.009    -28.367     28.452      0.000
   107         21  (g)                -62    86    86   159   159   124   122     -0.972      0.734      0.852      1.487      0.000
   108         21  (g)                -62    87    87   120     0   122   121     -0.255     -0.198     -0.308      0.446      0.000
   109         21  (g)                -62    88    88   166   166   123   120      0.205     -0.544     -3.571      3.618      0.000
   110         21  (g)                -62    89    89   160   160   108   124      0.346      0.211      0.174      0.441      0.000
   111         21  (g)                -62    90    90   154   154   101   125     -0.644      0.081      7.243      7.272      0.000
   112         21  (g)                -61     1     0    45    45   116   116      0.463      0.059     -7.135      7.150      0.000
   113         21  (g)                -61     2     0    46    46   114   114      0.052     -0.024   -162.974    162.974      0.000
   114         21  (g)                -62    47    47   164   164   117   106      0.858      0.394   -160.168    160.171      0.000
   115         21  (g)                -62    48    48   122     0   115   109     -0.344     -0.360     -9.941      9.953      0.000
   116          2  (u)                -63     1     0   153   153   125     0      0.029     -0.962    511.091    511.092      0.330
   117       2101  (ud_0)             -63     1     0   128   128     0   102      0.267     -0.205   6452.455   6452.456      0.579
   118          2  (u)                -63     2     0   123   123   103     0      0.839      0.903   -381.479    381.481      0.330
   119       2101  (ud_0)             -63     2     0   168   168     0   115     -0.636      0.384  -6364.594   6364.594      0.579
   120         21  (g)                -73   101   108   158   158   122   111     -0.235     -0.216     -0.297      0.475      0.189
   121         21  (g)                -73    99   104   165   165   120   117      0.211     -0.302    -16.430     16.435      0.194
   122         21  (g)                -73   106   115   167   167   115   123     -1.247     -2.369    -38.307     38.405      0.582
   123          2  (u)                -71   118   118   129   152   103     0      0.839      0.903   -381.479    381.481      0.330
   124         21  (g)                -71   103   103   129   152   113   103      0.230     -0.476     -3.229      3.272      0.000
   125         21  (g)                -71    97    97   129   152   119   113     -2.308     -0.252    -19.282     19.421      0.000
   126         21  (g)                -71   105   105   129   152   107   119      0.224      0.078     -0.276      0.364      0.000
   127         21  (g)                -71    94    94   129   152   102   107     -1.230     -0.068     -0.169      1.244      0.000
   128       2101  (ud_0)             -71   117   117   129   152     0   102      0.267     -0.205   6452.455   6452.456      0.579
   129        213  (rho+)             -83   123   128   211   212     0     0      0.009      0.193   -179.271    179.276      1.230
   130       -211  pi-                 83   123   128     0     0     0     0      0.381      0.357    -60.807     60.810      0.140
   131        111  (pi0)              -83   123   128   245   246     0     0      0.723      0.197   -106.170    106.173      0.135
   132        113  (rho0)             -83   123   128   213   214     0     0     -0.303      0.056    -25.934     25.947      0.740
   133        113  (rho0)             -83   123   128   215   216     0     0     -0.379     -0.230    -16.403     16.416      0.476
   134        321  K+                  83   123   128     0     0     0     0     -0.337     -0.060     -3.980      4.025      0.494
   135       -321  K-                  83   123   128     0     0     0     0      0.141     -0.275     -2.355      2.426      0.494
   136        211  pi+                 83   123   128     0     0     0     0     -0.481     -0.154     -4.499      4.529      0.140
   137       -211  pi-                 83   123   128     0     0     0     0     -0.325      0.056     -1.030      1.090      0.140
   138        211  pi+                 83   123   128     0     0     0     0     -0.786      0.036     -2.604      2.724      0.140
   139       -213  (rho-)             -84   123   128   217   218     0     0     -0.669     -0.068     -0.088      0.922      0.624
   140        211  pi+                 84   123   128     0     0     0     0      0.495      0.054     -1.090      1.206      0.140
   141        221  (eta)              -84   123   128   247   248     0     0     -0.622      0.377      2.681      2.831      0.548
   142       -211  pi-                 84   123   128     0     0     0     0      0.334     -0.406      0.970      1.112      0.140
   143        111  (pi0)              -84   123   128   249   250     0     0     -0.370      0.277      1.676      1.744      0.135
   144        213  (rho+)             -84   123   128   219   220     0     0     -0.208     -0.215     46.005     46.015      0.866
   145       2112  n0                  84   123   128     0     0     0     0      0.074      0.029      9.125      9.173      0.940
   146        111  (pi0)              -84   123   128   251   252     0     0      0.067     -0.208      4.988      4.994      0.135
   147      -2212  pbar-               84   123   128     0     0     0     0     -0.224     -0.241     57.002     57.011      0.938
   148        213  (rho+)             -84   123   128   221   222     0     0      0.220      0.360    208.610    208.614      1.254
   149       2112  n0                  84   123   128     0     0     0     0     -0.130      0.292    273.806    273.808      0.940
   150      -2112  nbar0               84   123   128     0     0     0     0      0.243     -0.674    725.970    725.971      0.940
   151        313  (K*0)              -84   123   128   223   224     0     0      0.189      0.391   1744.256   1744.256      0.935
   152       3122  (Lambda0)          -84   123   128   253   254     0     0     -0.019     -0.164   3377.163   3377.163      1.116
   153          2  (u)                -71   116   116   169   210   125     0      0.029     -0.962    511.091    511.092      0.330
   154         21  (g)                -71   111   111   169   210   101   125     -0.644      0.081      7.243      7.272      0.000
   155         21  (g)                -71    93    93   169   210   104   101      1.928      0.661     17.038     17.160      0.000
   156         21  (g)                -71   102   102   169   210   112   104     -0.113      0.005     -0.074      0.135      0.000
   157         21  (g)                -71    98    98   169   210   111   112      2.158      0.959      8.318      8.647      0.000
   158         21  (g)                -71   120   120   169   210   122   111     -0.235     -0.216     -0.297      0.475      0.189
   159         21  (g)                -71   107   107   169   210   124   122     -0.972      0.734      0.852      1.487      0.000
   160         21  (g)                -71   110   110   169   210   108   124      0.346      0.211      0.174      0.441      0.000
   161         21  (g)                -71    95    95   169   210   105   108     -0.551      1.554     -0.031      1.650      0.000
   162         21  (g)                -71   100   100   169   210   110   105     -0.693      1.125     -1.044      1.684      0.000
   163         21  (g)                -71    96    96   169   210   106   110      1.332     -1.695     -8.222      8.500      0.000
   164         21  (g)                -71   114   114   169   210   117   106      0.858      0.394   -160.168    160.171      0.000
   165         21  (g)                -71   121   121   169   210   120   117      0.211     -0.302    -16.430     16.435      0.194
   166         21  (g)                -71   109   109   169   210   123   120      0.205     -0.544     -3.571      3.618      0.000
   167         21  (g)                -71   122   122   169   210   115   123     -1.247     -2.369    -38.307     38.405      0.582
   168       2101  (ud_0)             -71   119   119   169   210     0   115     -0.636      0.384  -6364.594   6364.594      0.579
   169        111  (pi0)              -83   153   168   255   256     0     0      0.073     -0.188     88.891     88.892      0.135
   170        223  (omega)            -83   153   168   257   259     0     0     -0.264     -0.419    142.116    142.119      0.785
   171        213  (rho+)             -83   153   168   225   226     0     0     -0.213     -0.148    127.106    127.109      0.845
   172       -211  pi-                 83   153   168     0     0     0     0      0.397     -0.029     61.670     61.671      0.140
   173        213  (rho+)             -83   153   168   227   228     0     0     -0.167     -0.179     37.084     37.095      0.869
   174       -213  (rho-)             -83   153   168   229   230     0     0      0.232     -0.532     34.665     34.683      0.938
   175        111  (pi0)              -83   153   168   260   261     0     0     -0.017      0.450      3.882      3.910      0.135
   176        211  pi+                 83   153   168     0     0     0     0      0.935      0.575     24.069     24.095      0.140
   177        111  (pi0)              -83   153   168   262   263     0     0     -0.475      0.333     13.718     13.731      0.135
   178        111  (pi0)              -83   153   168   264   265     0     0      0.726      0.118      1.695      1.852      0.135
   179        111  (pi0)              -83   153   168   266   267     0     0      0.743      0.470      2.936      3.068      0.135
   180       -211  pi-                 83   153   168     0     0     0     0      0.730     -0.534      3.027      3.162      0.140
   181        111  (pi0)              -83   153   168   268   269     0     0     -0.068      0.696      0.951      1.188      0.135
   182       2212  p+                  83   153   168     0     0     0     0     -0.247      0.251      1.188      1.554      0.938
   183        111  (pi0)              -83   153   168   270   271     0     0      0.505     -0.287      0.295      0.666      0.135
   184      -2214  (Deltabar-)        -83   153   168   231   232     0     0     -0.887      1.618      0.384      2.195      1.126
   185        111  (pi0)              -83   153   168   272   273     0     0     -0.109      0.054     -0.006      0.182      0.135
   186        213  (rho+)             -83   153   168   233   234     0     0      0.066      0.537     -0.492      1.323      1.103
   187        311  (K0)               -83   153   168   235   235     0     0      0.026      0.757      0.285      0.950      0.498
   188       -311  (Kbar0)            -84   153   168   236   236     0     0     -0.321     -0.678     -2.429      2.590      0.498
   189        221  (eta)              -84   153   168   274   276     0     0      0.714      0.014     -2.657      2.805      0.548
   190        313  (K*0)              -84   153   168   237   238     0     0     -0.423      0.412     -3.350      3.572      1.089
   191       -323  (K*-)              -84   153   168   239   240     0     0      0.461     -1.000     -7.086      7.226      0.893
   192        111  (pi0)              -84   153   168   277   278     0     0      0.136      0.364    -32.713     32.716      0.135
   193        111  (pi0)              -84   153   168   279   280     0     0      1.064     -0.200    -49.571     49.583      0.135
   194       2212  p+                  84   153   168     0     0     0     0     -0.390     -0.039    -56.018     56.027      0.938
   195      -2212  pbar-               84   153   168     0     0     0     0      0.170      0.131    -26.546     26.564      0.938
   196        321  K+                  84   153   168     0     0     0     0     -0.214     -1.135    -16.168     16.217      0.494
   197       -311  (Kbar0)            -84   153   168   241   241     0     0     -0.115     -0.225    -12.127     12.140      0.498
   198        111  (pi0)              -84   153   168   281   282     0     0      0.155     -0.333     -8.253      8.263      0.135
   199        223  (omega)            -84   153   168   283   285     0     0     -0.911     -1.220    -34.302     34.345      0.781
   200        111  (pi0)              -84   153   168   286   287     0     0      0.592     -0.022    -63.926     63.929      0.135
   201        111  (pi0)              -84   153   168   288   289     0     0     -0.307      0.055    -64.873     64.874      0.135
   202        111  (pi0)              -84   153   168   290   291     0     0      0.044      0.205   -191.557    191.557      0.135
   203       -211  pi-                 84   153   168     0     0     0     0      0.154      0.057   -105.230    105.230      0.140
   204        211  pi+                 84   153   168     0     0     0     0      0.111     -0.325    -82.142     82.143      0.140
   205        113  (rho0)             -84   153   168   242   243     0     0     -0.080     -0.018    -82.540     82.543      0.709
   206       -211  pi-                 84   153   168     0     0     0     0     -0.022     -0.065    -97.641     97.641      0.140
   207        223  (omega)            -84   153   168   292   294     0     0     -0.281      0.036   -625.699    625.700      0.786
   208        221  (eta)              -84   153   168   295   297     0     0      0.123      0.509  -1290.471   1290.471      0.548
   209        111  (pi0)              -84   153   168   298   299     0     0     -0.506     -0.231   -647.112    647.112      0.135
   210       2212  p+                  84   153   168     0     0     0     0     -0.162      0.180  -3089.071   3089.071      0.938
   211        211  pi+                 91   129     0     0     0     0     0     -0.136     -0.231    -12.462     12.466      0.140
   212        111  (pi0)              -91   129     0   300   301     0     0      0.145      0.425   -166.809    166.810      0.135
   213        211  pi+                 91   132     0     0     0     0     0      0.063      0.111    -19.112     19.113      0.140
   214       -211  pi-                 91   132     0     0     0     0     0     -0.366     -0.055     -6.822      6.834      0.140
   215        211  pi+                 91   133     0     0     0     0     0      0.055     -0.039     -4.426      4.429      0.140
   216       -211  pi-                 91   133     0     0     0     0     0     -0.434     -0.192    -11.977     11.987      0.140
   217       -211  pi-                 91   139     0     0     0     0     0     -0.478      0.204     -0.150      0.558      0.140
   218        111  (pi0)              -91   139     0   302   303     0     0     -0.191     -0.271      0.062      0.364      0.135
   219        211  pi+                 91   144     0     0     0     0     0      0.289     -0.001     10.998     11.003      0.140
   220        111  (pi0)              -91   144     0   304   305     0     0     -0.497     -0.214     35.007     35.012      0.135
   221        211  pi+                 91   148     0     0     0     0     0     -0.295      0.346     33.455     33.459      0.140
   222        111  (pi0)              -91   148     0   306   307     0     0      0.515      0.014    175.155    175.156      0.135
   223        321  K+                  91   151     0     0     0     0     0     -0.147      0.122   1198.428   1198.428      0.494
   224       -211  pi-                 91   151     0     0     0     0     0      0.337      0.269    545.828    545.828      0.140
   225        211  pi+                 91   171     0     0     0     0     0     -0.140      0.012      6.857      6.860      0.140
   226        111  (pi0)              -91   171     0   308   309     0     0     -0.073     -0.160    120.248    120.249      0.135
   227        211  pi+                 91   173     0     0     0     0     0     -0.229      0.129      4.837      4.846      0.140
   228        111  (pi0)              -91   173     0   310   311     0     0      0.063     -0.308     32.246     32.248      0.135
   229       -211  pi-                 91   174     0     0     0     0     0      0.334     -0.742     27.907     27.919      0.140
   230        111  (pi0)              -91   174     0   312   313     0     0     -0.102      0.209      6.758      6.763      0.135
   231      -2112  nbar0               91   184     0     0     0     0     0     -0.794      1.361      0.221      1.847      0.940
   232       -211  pi-                 91   184     0     0     0     0     0     -0.093      0.257      0.164      0.348      0.140
   233        211  pi+                 91   186     0     0     0     0     0     -0.297      0.651     -0.553      0.915      0.140
   234        111  (pi0)              -91   186     0   314   315     0     0      0.363     -0.114      0.061      0.409      0.135
   235        310  (K_S0)             -91   187   187   316   317     0     0      0.026      0.757      0.285      0.950      0.498
   236        130  K_L0                91   188   188     0     0     0     0     -0.321     -0.678     -2.429      2.590      0.498
   237        321  K+                  91   190     0     0     0     0     0     -0.418      0.653     -2.122      2.313      0.494
   238       -211  pi-                 91   190     0     0     0     0     0     -0.006     -0.241     -1.228      1.259      0.140
   239       -311  (Kbar0)            -91   191     0   244   244     0     0      0.197     -0.266     -3.765      3.812      0.498
   240       -211  pi-                 91   191     0     0     0     0     0      0.265     -0.734     -3.321      3.414      0.140
   241        310  (K_S0)             -91   197   197   318   319     0     0     -0.115     -0.225    -12.127     12.140      0.498
   242        211  pi+                 91   205     0     0     0     0     0     -0.138     -0.092    -77.464     77.464      0.140
   243       -211  pi-                 91   205     0     0     0     0     0      0.057      0.074     -5.076      5.079      0.140
   244        130  K_L0                91   239   239     0     0     0     0      0.197     -0.266     -3.765      3.812      0.498
   245         22  gamma               91   131     0     0     0     0     0      0.727      0.197   -105.916    105.919      0.000
   246         22  gamma               91   131     0     0     0     0     0     -0.005      0.000     -0.254      0.254      0.000
   247         22  gamma               91   141     0     0     0     0     0     -0.658      0.303      1.715      1.862      0.000
   248         22  gamma               91   141     0     0     0     0     0      0.037      0.075      0.965      0.969      0.000
   249         22  gamma               91   143     0     0     0     0     0     -0.323      0.245      1.251      1.316      0.000
   250         22  gamma               91   143     0     0     0     0     0     -0.047      0.032      0.425      0.429      0.000
   251         22  gamma               91   146     0     0     0     0     0      0.044     -0.019      1.970      1.970      0.000
   252         22  gamma               91   146     0     0     0     0     0      0.023     -0.190      3.018      3.024      0.000
   253       2212  p+                  91   152     0     0     0     0     0     -0.019     -0.050   2964.760   2964.760      0.938
   254       -211  pi-                 91   152     0     0     0     0     0      0.001     -0.114    412.403    412.403      0.140
   255         22  gamma               91   169     0     0     0     0     0     -0.015     -0.059     10.634     10.634      0.000
   256         22  gamma               91   169     0     0     0     0     0      0.087     -0.129     78.257     78.257      0.000
   257        211  pi+                 91   170     0     0     0     0     0      0.099     -0.017     30.186     30.186      0.140
   258       -211  pi-                 91   170     0     0     0     0     0     -0.302     -0.457     71.828     71.830      0.140
   259        111  (pi0)              -91   170     0   320   321     0     0     -0.061      0.056     40.103     40.103      0.135
   260         22  gamma               91   175     0     0     0     0     0      0.010      0.441      3.652      3.678      0.000
   261         22  gamma               91   175     0     0     0     0     0     -0.027      0.009      0.230      0.232      0.000
   262         22  gamma               91   177     0     0     0     0     0     -0.342      0.217     10.790     10.797      0.000
   263         22  gamma               91   177     0     0     0     0     0     -0.133      0.116      2.928      2.934      0.000
   264         22  gamma               91   178     0     0     0     0     0      0.170      0.068      0.532      0.563      0.000
   265         22  gamma               91   178     0     0     0     0     0      0.555      0.051      1.162      1.289      0.000
   266         22  gamma               91   179     0     0     0     0     0      0.650      0.352      2.448      2.557      0.000
   267         22  gamma               91   179     0     0     0     0     0      0.093      0.118      0.488      0.511      0.000
   268         22  gamma               91   181     0     0     0     0     0     -0.056      0.094      0.167      0.200      0.000
   269         22  gamma               91   181     0     0     0     0     0     -0.012      0.602      0.784      0.988      0.000
   270         22  gamma               91   183     0     0     0     0     0      0.104     -0.063      0.004      0.122      0.000
   271         22  gamma               91   183     0     0     0     0     0      0.401     -0.224      0.291      0.544      0.000
   272         22  gamma               91   185     0     0     0     0     0     -0.061     -0.040      0.014      0.074      0.000
   273         22  gamma               91   185     0     0     0     0     0     -0.048      0.094     -0.021      0.107      0.000
   274        111  (pi0)              -91   189     0   322   323     0     0      0.405     -0.108     -1.225      1.302      0.135
   275        111  (pi0)              -91   189     0   324   325     0     0      0.228      0.014     -0.876      0.915      0.135
   276        111  (pi0)              -91   189     0   326   327     0     0      0.080      0.109     -0.556      0.588      0.135
   277         22  gamma               91   192     0     0     0     0     0      0.095      0.159    -10.759     10.761      0.000
   278         22  gamma               91   192     0     0     0     0     0      0.041      0.205    -21.954     21.955      0.000
   279         22  gamma               91   193     0     0     0     0     0      0.788     -0.129    -33.771     33.781      0.000
   280         22  gamma               91   193     0     0     0     0     0      0.277     -0.071    -15.800     15.803      0.000
   281         22  gamma               91   198     0     0     0     0     0      0.141     -0.163     -3.948      3.954      0.000
   282         22  gamma               91   198     0     0     0     0     0      0.013     -0.170     -4.306      4.309      0.000
   283        211  pi+                 91   199     0     0     0     0     0     -0.186     -0.462    -12.846     12.856      0.140
   284       -211  pi-                 91   199     0     0     0     0     0     -0.261     -0.433     -6.596      6.617      0.140
   285        111  (pi0)              -91   199     0   328   329     0     0     -0.464     -0.324    -14.860     14.872      0.135
   286         22  gamma               91   200     0     0     0     0     0      0.393      0.042    -44.879     44.881      0.000
   287         22  gamma               91   200     0     0     0     0     0      0.199     -0.064    -19.047     19.048      0.000
   288         22  gamma               91   201     0     0     0     0     0     -0.136      0.067    -40.745     40.746      0.000
   289         22  gamma               91   201     0     0     0     0     0     -0.171     -0.011    -24.127     24.128      0.000
   290         22  gamma               91   202     0     0     0     0     0      0.071      0.121    -76.803     76.804      0.000
   291         22  gamma               91   202     0     0     0     0     0     -0.027      0.084   -114.754    114.754      0.000
   292        211  pi+                 91   207     0     0     0     0     0      0.159      0.020   -282.857    282.857      0.140
   293       -211  pi-                 91   207     0     0     0     0     0     -0.286     -0.031   -138.790    138.790      0.140
   294        111  (pi0)              -91   207     0   330   331     0     0     -0.154      0.047   -204.052    204.052      0.135
   295        111  (pi0)              -91   208     0   332   333     0     0      0.041      0.188   -594.316    594.316      0.135
   296        111  (pi0)              -91   208     0   334   335     0     0     -0.008      0.071   -117.429    117.429      0.135
   297        111  (pi0)              -91   208     0   336   337     0     0      0.091      0.250   -578.727    578.727      0.135
   298         22  gamma               91   209     0     0     0     0     0     -0.504     -0.243   -632.847    632.847      0.000
   299         22  gamma               91   209     0     0     0     0     0     -0.001      0.012    -14.265     14.265      0.000
   300         22  gamma               91   212     0     0     0     0     0      0.061      0.322   -131.723    131.724      0.000
   301         22  gamma               91   212     0     0     0     0     0      0.084      0.103    -35.086     35.086      0.000
   302         22  gamma               91   218     0     0     0     0     0      0.011     -0.077      0.010      0.078      0.000
   303         22  gamma               91   218     0     0     0     0     0     -0.202     -0.194      0.052      0.285      0.000
   304         22  gamma               91   220     0     0     0     0     0     -0.467     -0.157     30.431     30.435      0.000
   305         22  gamma               91   220     0     0     0     0     0     -0.030     -0.057      4.576      4.577      0.000
   306         22  gamma               91   222     0     0     0     0     0      0.198     -0.054     59.377     59.377      0.000
   307         22  gamma               91   222     0     0     0     0     0      0.317      0.069    115.778    115.778      0.000
   308         22  gamma               91   226     0     0     0     0     0      0.013      0.018     17.080     17.081      0.000
   309         22  gamma               91   226     0     0     0     0     0     -0.086     -0.178    103.168    103.168      0.000
   310         22  gamma               91   228     0     0     0     0     0      0.015     -0.078     15.031     15.032      0.000
   311         22  gamma               91   228     0     0     0     0     0      0.048     -0.230     17.215     17.217      0.000
   312         22  gamma               91   230     0     0     0     0     0     -0.134      0.149      5.056      5.060      0.000
   313         22  gamma               91   230     0     0     0     0     0      0.032      0.060      1.702      1.703      0.000
   314         22  gamma               91   234     0     0     0     0     0      0.371     -0.094      0.056      0.387      0.000
   315         22  gamma               91   234     0     0     0     0     0     -0.007     -0.020      0.005      0.022      0.000
   316        211  pi+                 91   235     0     0     0     0     0     -0.186      0.395      0.093      0.468      0.140
   317       -211  pi-                 91   235     0     0     0     0     0      0.212      0.362      0.192      0.482      0.140
   318        111  (pi0)              -91   241     0   338   339     0     0      0.138      0.001     -4.333      4.337      0.135
   319        111  (pi0)              -91   241     0   340   341     0     0     -0.253     -0.226     -7.795      7.803      0.135
   320         22  gamma               91   259     0     0     0     0     0     -0.033      0.043     38.396     38.396      0.000
   321         22  gamma               91   259     0     0     0     0     0     -0.028      0.013      1.707      1.707      0.000
   322         22  gamma               91   274     0     0     0     0     0      0.031     -0.038     -0.067      0.083      0.000
   323         22  gamma               91   274     0     0     0     0     0      0.375     -0.071     -1.157      1.219      0.000
   324         22  gamma               91   275     0     0     0     0     0      0.130      0.074     -0.529      0.550      0.000
   325         22  gamma               91   275     0     0     0     0     0      0.098     -0.060     -0.347      0.366      0.000
   326         22  gamma               91   276     0     0     0     0     0      0.017      0.092     -0.149      0.176      0.000
   327         22  gamma               91   276     0     0     0     0     0      0.063      0.018     -0.407      0.412      0.000
   328         22  gamma               91   285     0     0     0     0     0     -0.308     -0.261     -9.144      9.153      0.000
   329         22  gamma               91   285     0     0     0     0     0     -0.156     -0.063     -5.717      5.719      0.000
   330         22  gamma               91   294     0     0     0     0     0     -0.101      0.086   -101.662    101.662      0.000
   331         22  gamma               91   294     0     0     0     0     0     -0.053     -0.039   -102.390    102.390      0.000
   332         22  gamma               91   295     0     0     0     0     0      0.031     -0.012    -62.620     62.620      0.000
   333         22  gamma               91   295     0     0     0     0     0      0.010      0.200   -531.695    531.695      0.000
   334         22  gamma               91   296     0     0     0     0     0     -0.062      0.076    -76.482     76.482      0.000
   335         22  gamma               91   296     0     0     0     0     0      0.054     -0.006    -40.947     40.947      0.000
   336         22  gamma               91   297     0     0     0     0     0      0.046      0.159   -218.658    218.658      0.000
   337         22  gamma               91   297     0     0     0     0     0      0.045      0.091   -360.069    360.069      0.000
   338         22  gamma               91   318     0     0     0     0     0      0.095     -0.040     -1.439      1.442      0.000
   339         22  gamma               91   318     0     0     0     0     0      0.043      0.041     -2.894      2.895      0.000
   340         22  gamma               91   319     0     0     0     0     0     -0.200     -0.136     -4.137      4.144      0.000
   341         22  gamma               91   319     0     0     0     0     0     -0.053     -0.090     -3.658      3.659      0.000
                                   Charge sum:  2.000           Momentum sum:     -0.000     -0.000     -0.000  14000.000  14000.000

 --------  End PYTHIA Event Listing  -----------------------------------------------------------------------------------------------
Evento   0:  E=14000.0  px=-0.000 py=-0.000 pz=-0.000  Q=+2  B=+2  L=+0
Evento   1:  E=14000.0  px=+0.000 py=+0.000 pz=+0.000  Q=+2  B=+2  L=+0
Evento   2:  E=14000.0  px=+0.000 py=+0.000 pz=-0.000  Q=+2  B=+2  L=+0
Evento   3:  E=14000.0  px=+0.000 py=-0.000 pz=+0.000  Q=+2  B=+2  L=+0
Evento   4:  E=14000.0  px=-0.000 py=+0.000 pz=+0.000  Q=+2  B=+2  L=+0
 PYTHIA Warning in PhaseSpace::trialKin123: maximum for cross section violated
 PYTHIA Warning in SimpleSpaceShower::pT2nextQCD: weight above unity

 Pythia::next(): 1000 events have been generated 

 Pythia::next(): 2000 events have been generated 

 Pythia::next(): 3000 events have been generated 

 Pythia::next(): 4000 events have been generated 

 Pythia::next(): 5000 events have been generated 
Warning in <TParticle::SetPdgCode>: PDG code 9000221 unknown from TDatabasePDG
Warning in <TParticle::SetPdgCode>: PDG code 9000221 unknown from TDatabasePDG

 Pythia::next(): 6000 events have been generated 

 Pythia::next(): 7000 events have been generated 

 Pythia::next(): 8000 events have been generated 

 Pythia::next(): 9000 events have been generated 
 PYTHIA Warning in Pythia::check: energy-momentum not quite conserved
Info in <TCanvas::Print>: png file momentos_por_particula.png has been created
Info in <TCanvas::Print>: png file conservacao_por_evento.png has been created
Medias sobre 10000 eventos:
  E  = 14000.0 GeV
  px = +0.0013   py = +0.0004   pz = -6.1334 GeV   (por evento)
  Q  = +2.000   B  = +2.000   L  = +0.000
